date,crude_oil,urea,dap,wheat,maize,soybean,sugar
2010-01-01,77.1210877193,266.5,383,201.19093202368,167.314,435.88,0.583562914
2010-02-01,74.76301559454,297.5,413.625,194,161.80248,411.86,0.559753018
2010-03-01,79.29768115942,278.7,424.5,191.07507175435,159.04672,409.36,0.411382092
2010-04-01,84.18285714286,253.75,417.5,192.87,157.07832,402.6,0.36265999
2010-05-01,75.61831746032,234,410,181.605588975,163.3772,402.87,0.33510224
2010-06-01,74.725,226.25,392.5,157.67209847046,152.74784,401.33,0.350093656
2010-07-01,74.5794011544,259.375,418.125,195.81769059129,163.75682,427.53,0.384926652
2010-08-01,75.82626984127,263.5,459.9,246.24722445586,175.58128,449.84,0.408075162
2010-09-01,76.11624098124,308.75,506,271.67359754743,205.89464,468.26,0.496259962
2010-10-01,81.71936507937,332.5,557.25,270.23219586429,235.81432,495.79,0.542556982
2010-11-01,84.53406349206,365.4,554.1,274.08076079559,238.1764,514.15,0.58091737
2010-12-01,90.00596179183,380.625,540.625,306.5201043804,250.38048,545.75,0.616872718
2011-01-01,92.6905952381,378.5,547.4,326.55656760729,264.94664,567.62,0.652787982
2011-02-01,97.9141920078,297.5,413.625,348.1203485495,292.89792,566.05,0.649701514
2011-03-01,108.6452173913,278.7,424.5,316.74657066378,290.53584,552.75,0.578492288
2011-04-01,116.24316666667,253.75,417.5,336.12429558105,319.27448,556.58,0.537045432
2011-05-01,108.06851298701,234,410,355.27788556364,307.85776,556.8,0.48391409
2011-06-01,105.84545454546,478.75,575.875,326.42992919659,310.61352,556.22,0.555784702
2011-07-01,107.91661111111,483.75,597.625,303.88392977625,300.77152,556.5,0.622143764
2011-08-01,100.48642512077,475.5,597.4,327.06658952609,310.21984,552.96,0.61178205
2011-09-01,100.81935064935,508.75,587.875,315.91622907614,295.26,531.95,0.587751692
2011-10-01,99.84775396825,493.5,571.4,289.01083578214,274.78864,491.42,0.56107579
2011-11-01,105.40501443001,481.25,563.5,281.0064022425,274.39496,478.35,0.529549724
2011-12-01,104.23047619048,423.125,488.75,269.0300071375,258.64776,483.03,0.507944448
2012-01-01,107.07457226399,368,451.4,274.89317414625,272.844845,503.18,0.519408472
2012-02-01,112.68752380952,375,435.5,277.7729592825,279.458669,522.96,0.531754344
2012-03-01,117.785,393.125,442.875,283.87825408636,280.69384,547.46,0.53131342
2012-04-01,113.6655,494.375,478,266.32392179211,274.00128,583.83,0.50155105
2012-05-01,104.0860342556,513.125,490.5,264.35872401848,269.27712,577.48,0.458781422
2012-06-01,90.72825396825,456.875,501.625,276.1899195,267.30872,578.01,0.451285714
2012-07-01,96.75411255411,307.5,436.875,345.68794675714,333.05328,670.19,0.504417056
2012-08-01,105.27363699103,382.5,504.5,349.40035068261,331.99205565217,684.02,0.460324656
2012-09-01,106.28496491228,384.375,527.375,353.42092377237,320.8492,677.32,0.44065712495
2012-10-01,103.40786561265,349,533.5,358.195666995,321.24288,625.76,0.44778707791
2012-11-01,101.17441558442,383.5,487.875,360.8228394,321.63656,584.59,0.42635251162
2012-12-01,101.19366666667,375.83333333333,472.83333333333,347.9625549,308.64512,591.29,0.425712122
2013-01-01,105.10021645022,380,462.25,335.4697071,303.1336,595.3,0.416101983
2013-02-01,107.63743567252,415.625,464.5,318.9350556,302.73992,610.73,0.40283306556
2013-03-01,102.5225,395.625,467.625,309.7491381,309.0388,584.7,0.40773866737
2013-04-01,98.85196969697,365.625,461.125,308.2793913,279.90648,563.88,0.392512549
2013-05-01,99.36663341489,358.125,421.25,319.669929,295.5375444,498.01,0.38851417
2013-06-01,99.74266666667,329.375,424.125,313.4235051,298.40944,524.66,0.3768356966
2013-07-01,105.25790513834,312.5,409.625,304.6050243,279.5128,511.3,0.371187861
2013-08-01,108.15763636364,310.625,400.375,305.3398977,238.73560454546,511.71,0.37548687
2013-09-01,108.75773015873,301,374.8,307.50777423,207.405387,560.18,0.3835928569
2013-10-01,105.42713438735,296.875,370,325.6867049625,201.72521090909,540.85,0.41145877443
2013-11-01,102.62649122807,305,334.375,306.75162817895,199.13474,551.32,0.38937788476
2013-12-01,105.48165079365,305,341.625,291.55664720357,197.391152,564.03,0.36489610457
2014-01-01,102.09666666667,330,403.375,275.577525,198.0643448,565.5,0.344582106
2014-02-01,104.82666666667,353.125,450.125,292.1121765,209.3235928,490.73,0.366187382
2014-03-01,104.04,327.5,486.5,323.7117327,222.33078,530.81,0.39462698
2014-04-01,104.86666666667,260,409,324.8140428,222.3583376,516.18,0.39132005
2014-05-01,105.71333333333,265,413.5625,334.7348337,217.2956128,519.42,0.402784074
2014-06-01,108.37333333333,288.75,421.375,306.4422078,202.3948248,511.14,0.400579454
2014-07-01,105.22666666667,305,440.625,280.3542021,182.726572,471.74,0.402563612
2014-08-01,100.05,311.25,446.5,263.4521139,176.4237552,458.57,0.379635564
2014-09-01,95.85,317.5,438.1,243.6105321,163.0583192,430.17,0.353400586
2014-10-01,86.08,317.5,418.75,245.4477156,163.121308,425.81,0.36927385
2014-11-01,76.99333333333,317.5,408.75,258.6754368,178.7425304,449.9,0.356927978
2014-12-01,60.70333333333,308.125,418.375,269.6985378,178.7346568,448.32,0.337968246
2015-01-01,47.10666666667,305,440.25,248.3872092,174.7073104,433.21,0.338188708
2015-02-01,54.79,305,444.125,236.9966715,173.6955528,423.55,0.321654058
2015-03-01,52.82666666667,295.5,428.8,230.7502476,174.2270208,409.79,0.290127992
2015-04-01,57.54333333333,260,409,223.4015136,172.0539072,394.73,0.288364296
2015-05-01,62.50666666667,265,413.5625,215.3179062,166.2943688,388.2,0.294096308
2015-06-01,61.30666666667,288.75,421.375,209.8063557,166.7195432,391.48,0.274695652
2015-07-01,54.34,283.75,431.5,197.3135079,179.596816,405.87,0.282852746
2015-08-01,45.69,274.625,434.625,179.6765463,162.5937768,378.78,0.2535313
2015-09-01,46.28,279.375,428,172.695249,165.621176,367.49,0.261467932
2015-10-01,46.95666666667,250.625,423.75,172.709946468,171.388588,375.95,0.306662642
2015-11-01,43.11333333333,263.625,383.875,177.1044894,166.1565808,368,0.32077221
2015-12-01,36.57333333333,264,340.625,189.2299005,163.948036,368.42,0.322756368
2016-01-01,29.78,233.875,327.125,193.2717042,161.0269304,373.08,0.30974911
2016-02-01,31.03,191.875,326,187.0252803,159.676608,373.75,0.292773536
2016-03-01,37.34,201.75,338.125,191.067084,159.1372664,380.97,0.340393328
2016-04-01,40.75,196.25,330.5,187.392717,164.4125784,395.14,0.335763626
2016-05-01,45.93666666667,198.375,313.5,171.9603756,168.9556456,422.55,0.375005862
2016-06-01,47.68666666667,142.625,306.625,173.0626857,179.872392,457.4,0.42879859
2016-07-01,44.12666666667,181,305.2,151.7513571,161.7591752,431.08,0.43210552
2016-08-01,44.87666666667,186.25,318.0625,149.1793002,150.1534888,412.17,0.443790006
2016-09-01,45.04333333333,187.3,320,150.649047,148.4252336,403.53,0.474654686
2016-10-01,49.29333333333,187.5,310,151.7513571,152.2596768,401.87,0.489866564
2016-11-01,45.26,205,298,150.649047,151.803008,397.76,0.446215088
2016-12-01,52.62,217.75,296.625,141.8305662,152.4486432,416.07,0.407634238
2017-01-01,53.59,233.75,308,153.2211039,159.9876152,412,0.448199246
2017-02-01,54.35333333333,191.875,326,155.0582874,162.8575424,394.5312,0.447317398
2017-03-01,50.90333333333,223.5,325.625,154.323414,158.9640472,383.681592,0.398595296
2017-04-01,52.16333333333,207.875,313.125,166.0813884,156.4405584,387.44,0.362880452
2017-05-01,49.89333333333,178.75,309.25,180.4114197,158.5900512,389.72,0.354061972
2017-06-01,46.16666666667,191,310.3,189.5973372,157.9326056,378.59,0.30644218
2017-07-01,47.65666666667,181,313.75,202.4576217,157.511368,410.23,0.322315444
2017-08-01,49.94333333333,192.625,320.75,171.2255022,148.496096,392.87,0.316803894
2017-09-01,52.95,219,325.9,178.5742362,147.2914352,393.95,0.317244818
2017-10-01,54.92,252.5,322.375,175.6347426,148.6220736,396.52,0.316142508
2017-11-01,59.93333333333,280,344,179.6765463,148.7047464,393.85,0.330472538
2017-12-01,61.18666666667,214.625,357.25,184.0857867,148.9803224,387.15455,0.317024356
2018-01-01,66.22666666667,219.625,360.375,192.1693941,155.838228,389.53,0.310630958
2018-02-01,63.46,232.5,370,192.1693941,163.357516,416.28,0.298946472
2018-03-01,64.16666666667,232.5,378,192.1693941,171.998792,430.11,0.275136576
2018-04-01,68.79333333333,230.625,384.75,213.8481594,175.6049008,439.07,0.265215786
2018-05-01,73.43,221.875,384.375,213.8481594,179.085032,430.32,0.27227057
2018-06-01,71.97666666667,224,391.6,219.3597099,165.070024,394.44,0.2755775
2018-07-01,72.66666666667,252.5,400.75,218.2573998,156.4602424,377.17,0.258381464
2018-08-01,71.08333333333,260,409,236.6292348,162.373316,376.77,0.244492358
2018-09-01,75.36333333333,267.5,421.63,212.3784126,154.8028496,356.87,0.250665294
2018-10-01,76.72666666667,270,420.75,213.4807227,160.2553176,367.96,0.292773536
2018-11-01,62.31666666667,305.6,410.2,203.5599318,160.6883656,374.04,0.28439598
2018-12-01,53.96,276.67,389.67,211.2761025,167.4399776,380.53,0.27888443
2019-01-01,56.58333333333,260,382.13,209.8063557,166.743164,381.96,0.281970898
2019-02-01,61.13333333333,250.63,357.38,218.9922732,169.5225448,380.33,0.286159676
2019-03-01,63.78666666667,247.5,335.03,205.764552,166.2235064,369.53,0.280207202
2019-04-01,68.57666666667,247.5,323.75,199.5181281,161.487536,359.84,0.282411822
2019-05-01,66.83333333333,247.5,313.4,199.5181281,171.0815176,339.81,0.27337288
2019-06-01,59.76,247.5,314.88,206.1319887,195.0802504,358.95,0.284836904
2019-07-01,61.47666666667,263.5,307.5,196.2111978,189.419132,369.58,0.282852746
2019-08-01,57.67,262.5,292.9,181.1462931,163.5858504,360.93,0.271609184
2019-09-01,60.04,237.75,285.75,189.5973372,157.2594128,366.07,0.261908856
2019-10-01,57.27333333333,237,277.38,199.5181281,167.1486544,381.65,0.277120734
2019-11-01,60.40333333333,224.5,248,203.1924951,166.3337368,375.51,0.28219136
2019-12-01,63.35333333333,217.5,238.16,210.9086658,166.9557512,383.2,0.295639542
2020-01-01,61.62666666667,215.4,264.9,224.5038237,171.7862048,387.23,0.31195373
2020-02-01,53.34666666667,214.38,279.38,215.3179062,168.711564,375.63,0.325842836
2020-03-01,32.20333333333,231.13,276.22,209.0714823,162.4205576,372.61,0.260806546
2020-04-01,21.04333333333,235,282,218.9922732,146.9095656,361.26,0.225091702
2020-05-01,30.38,201.9,263,205.764552,143.9057872,359.17,0.241626352
2020-06-01,39.45666666667,202,273,198.415818,147.9882488,369.58,0.26675902
2020-07-01,42.06666666667,214.4,305.1,222.13,152.5549368,381.07,0.270727336
2020-08-01,43.44333333333,249.5,341.88,223,149.342508,384.55236292428,0.28880522
2020-09-01,40.59666666667,250.5,358.38,247.68,166.0817816,423.41,0.281309512
2020-10-01,39.9,245,357.1,272.36,186.7460448,454.25,0.302694326
2020-11-01,42.30333333333,245,359.63,273,190.3757744,499.98,0.311512806
2020-12-01,48.72666666667,245,388.5,268.55,198.769032,510.93573705179,0.310410496
2021-01-01,53.60333333333,265,421.3,289.3,234.4679501472,576.37,0.335543164
2021-02-01,60.46333333333,335,528.88,289.4,245.2350824,578.26,0.356927978
2021-03-01,63.83,352.88,534.13,273.13,245.1720936,585.71,0.342597948
2021-04-01,62.95,328.1,543.4,280.95,268.233868,597.13,0.356266592
2021-05-01,66.4,331.63,574.63,297.25,305.3106504,646.8,0.380517412
2021-06-01,71.80333333333,393.25,604.75,285.55,292.5593552,614.68,0.383824342
2021-07-01,73.28333333333,441.5,613,294.27,278.4341168,600.44,0.39021774
2021-08-01,68.86666666667,446.88,603.13,324.52,256.6124344,585.8,0.429459976
2021-09-01,72.8,418.75,643.75,337.55,235.61748,557.55,0.431664596
2021-10-01,82.06333333333,695,672.9,354.67,239.6487632,551.95,0.424168888
2021-11-01,79.91666666667,900.5,726.69,379.45,248.7191504,551.04,0.428137204
2021-12-01,72.86666666667,890,745,376.81,264.5372128,554.14,0.415350408
2022-01-01,83.92,846.38,699.38,374.24,276.6231888,606.22,0.401681764
2022-02-01,93.54333333333,744.17,747.13,390.5,292.622344,661.63,0.393745132
2022-03-01,112.39666666667,872.5,938.13,486.3,335.5295272,720.6,0.41998011
2022-04-01,103.41333333333,925,954,495.28,348.1666552,720.79,0.433428292
2022-05-01,110.09666666667,707.5,842.5,522.29,344.8400592,724.09,0.42879859
2022-06-01,116.8,690,783.75,459.59,335.7145568,737.06,0.41777549
2022-07-01,105.08333333333,601,784,382.5,322.9671984,678.2,0.402784074
2022-08-01,95.97333333333,591.25,749.38,382.86,289.8350896,671.11,0.39352467
2022-09-01,88.22,678,752,419.14,312.6567192,664.45,0.390658664
2022-10-01,90.32666666667,636.25,725,437.95,343.5566624,626,0.38691081
2022-11-01,87.37666666667,588.75,665.63,422.68,320.9200624,648.92,0.407413776
2022-12-01,78.06666666667,519.38,625,386.33,302.24782,645.67,0.417334566
2023-01-01,80.41,443.75,631,380.36,302.7753512,626.59,0.416011794
2023-02-01,80.25333333333,357.5,612.5,394.75,298.1771688,651.12,0.445994626
2023-03-01,76.47333333333,313.5,606,369.86,282.4890208,628.38,0.452388024
2023-04-01,82.46,313.38,637,378.18,291.1145496,614.93,0.532195268
2023-05-01,74.12333333333,329.25,510,367.74,268.135448,595,0.55997348
2023-06-01,73.26333333333,287.5,454.55,345.5,266.8677984,591.89,0.542116058
2023-07-01,78.98333333333,334.63,458.75,345.5,242.3848392,633.85,0.521172168
2023-08-01,84.72433333333,385.63,528.75,315.82,207.607148,583.93,0.52800649
2023-09-01,92.22,380,527.9,314.68,223.80708,619.04,0.579594598
2023-10-01,89.08366666667,411.38,534.75,298.1,230.69648,529.57,0.567028264
2023-11-01,81.35433333333,385.5,535.63,283.55,211.2604984,553.05,0.574964896
2023-12-01,75.71933333333,354,563.75,291.12,206.54803944445,547.43,0.478182078
2024-01-01,77.67233333333,335.38,596.25,283.91,198.62480884615,547.38,0.484575476
2024-02-01,80.548,351.25,583.81,278.5,189.128793,519.75,0.50155105
2024-03-01,83.54566666667,330,617.5,274.83,190.56700446,487.49,0.47509561
2024-04-01,88.01133333333,320,545,272.3,191.65107888889,477.3,0.451065252
2024-05-01,81.445,284.8,522,289.42,197.79344375,490.22,0.41777549
2024-06-01,81.205,336.25,543,265.55,192.506708,479.72,0.425271198
2024-07-01,83.25866666667,342.5,539.4,260.26,177.42921392,469.63,0.425932584
2024-08-01,78.121,342.5,546,250.85,170.32475727273,400.13,0.40565008
2024-09-01,72.42433333333,337.5,554.75,269.69,184.9671542069,391.31,0.447978784
2024-10-01,73.97066666667,374.75,573.44,272.85,190.33572173913,442.1,0.461647428
2024-11-01,72.29166666667,352.3,574.5,253.75,201.33106,435.64075,0.450403866
2024-12-01,72.311,352,568.33,252.17,202.59757,409.26716703136,0.436294298
2025-01-01,78.162,380.5,582.7,254.09,214.43704863636,410.82956521739,0.396170214
2025-02-01,73.819,436.5,603.75,264.61,220.8752,412.15,0.422846116
2025-03-01,70.70133333333,394.5,615.13,255.37,207.41312,401.11,0.416452718
2025-04-01,65.905,386.88,635,249.58,215.00062956522,407.6,0.401020378
2025-05-01,62.74866666667,392,669.2,237,203.87293109647,414.11363636364,0.389997278
2025-06-01,69.14666666667,420.5,715.38,240.05,196.07200262857,415.65733333333,0.368832926
2025-07-01,69.19033333333,496,736,234.96,191.9943395451,410.13,0.36817154
2025-08-01,66.71766666667,507.7,795.1,231.14,185.48677677419,407,0.369053388
2025-09-01,66.457,461.13,780.63,233.76,197.37534231111,403.96,0.354061972
2025-10-01,63.04033333333,394.4,754,230.78,198.13039555556,403.75,0.335322702
2025-11-01,62.33633333333,409.25,708.25,245.85,202.01642333333,445.83333333333,0.315481122
2025-12-01,60.88,392.5,627.5,242.8,205.69623777778,440,0.323197292
